<?xml version="1.0" encoding="utf-8" standalone="yes" ?>
<Window size="600,584" caption="0,0,0,64" sizebox="4,4,6,6" mininfo="600,584">
    <Font name="微软雅黑" id="0" size="14" bold="true" />
    <Font name="微软雅黑" size="13" bold="true" />
    <Font name="微软雅黑" id="1" size="14"/>
	<Default shared="true" name="Button" value="normalimage=&quot;file='btnbk_normal.png'&quot; hotimage=&quot;file='btnbk_hover.png'&quot;"/>
	<Default shared="true" name="Label" value="float=&quot;true&quot;"/>
	<Default name="VScrollBar" value="button1normalimage=&quot;file='scrollbar.png' source='0,90,16,106' mask='#FFFF00FF'&quot; button1hotimage=&quot;file='scrollbar.png' source='18,90,34,106' mask='#FFFF00FF'&quot; button1pushedimage=&quot;file='scrollbar.png' source='36,90,52,106' mask='#FFFF00FF'&quot; button1disabledimage=&quot;file='scrollbar.png' source='54,90,70,106' mask='#FFFF00FF'&quot; button2normalimage=&quot;file='scrollbar.png' source='0,108,16,124' mask='#FFFF00FF'&quot; button2hotimage=&quot;file='scrollbar.png' source='18,108,34,124' mask='#FFFF00FF'&quot; button2pushedimage=&quot;file='scrollbar.png' source='36,108,52,124' mask='#FFFF00FF'&quot; button2disabledimage=&quot;file='scrollbar.png' source='54,108,70,124' mask='#FFFF00FF'&quot; thumbnormalimage=&quot;file='scrollbar.png' source='0,126,16,142' corner='2,2,2,2' mask='#FFFF00FF'&quot; thumbhotimage=&quot;file='scrollbar.png' source='18,126,34,142' corner='2,2,2,2' mask='#FFFF00FF'&quot; thumbpushedimage=&quot;file='scrollbar.png' source='36,126,52,142' corner='2,2,2,2' mask='#FFFF00FF'&quot; thumbdisabledimage=&quot;file='scrollbar.png' source='54,126,70,142' corner='2,2,2,2' mask='#FFFF00FF'&quot; railnormalimage=&quot;file='scrollbar.png' source='0,144,16,160' corner='2,2,2,2' mask='#FFFF00FF'&quot; railhotimage=&quot;file='scrollbar.png' source='18,144,34,160' corner='2,2,2,2' mask='#FFFF00FF'&quot; railpushedimage=&quot;file='scrollbar.png' source='36,144,52,160' corner='2,2,2,2' mask='#FFFF00FF'&quot; raildisabledimage=&quot;file='scrollbar.png' source='54,144,70,160' corner='2,2,2,2' mask='#FFFF00FF'&quot; bknormalimage=&quot;file='scrollbar.png' source='0,162,16,178' corner='2,2,2,2' mask='#FFFF00FF'&quot; bkhotimage=&quot;file='scrollbar.png' source='18,162,34,178' corner='2,2,2,2' mask='#FFFF00FF'&quot; bkpushedimage=&quot;file='scrollbar.png' source='36,162,52,178' corner='2,2,2,2' mask='#FFFF00FF'&quot; bkdisabledimage=&quot;file='scrollbar.png' source='54,162,70,178' corner='2,2,2,2' mask='#FFFF00FF'&quot; " />
	<Default name="HScrollBar" value="button1normalimage=&quot;file='scrollbar.png' source='0,0,16,16' mask='#FFFF00FF'&quot; button1hotimage=&quot;file='scrollbar.png' source='18,0,34,16' mask='#FFFF00FF'&quot; button1pushedimage=&quot;file='scrollbar.png' source='36,0,52,16' mask='#FFFF00FF'&quot; button1disabledimage=&quot;file='scrollbar.png' source='54,0,70,16' mask='#FFFF00FF'&quot; button2normalimage=&quot;file='scrollbar.png' source='0,18,16,34' mask='#FFFF00FF'&quot; button2hotimage=&quot;file='scrollbar.png' source='18,18,34,34' mask='#FFFF00FF'&quot; button2pushedimage=&quot;file='scrollbar.png' source='36,18,52,34' mask='#FFFF00FF'&quot; button2disabledimage=&quot;file='scrollbar.png' source='54,18,70,34' mask='#FFFF00FF'&quot; thumbnormalimage=&quot;file='scrollbar.png' source='0,36,16,52' corner='2,2,2,2' mask='#FFFF00FF'&quot; thumbhotimage=&quot;file='scrollbar.png' source='18,36,34,52' corner='2,2,2,2' mask='#FFFF00FF'&quot; thumbpushedimage=&quot;file='scrollbar.png' source='36,36,52,52' corner='2,2,2,2' mask='#FFFF00FF'&quot; thumbdisabledimage=&quot;file='scrollbar.png' source='54,36,70,52' corner='2,2,2,2' mask='#FFFF00FF'&quot; railnormalimage=&quot;file='scrollbar.png' source='0,54,16,70' corner='2,2,2,2' mask='#FFFF00FF'&quot; railhotimage=&quot;file='scrollbar.png' source='18,54,34,70' corner='2,2,2,2' mask='#FFFF00FF'&quot; railpushedimage=&quot;file='scrollbar.png' source='36,54,52,70' corner='2,2,2,2' mask='#FFFF00FF'&quot; raildisabledimage=&quot;file='scrollbar.png' source='54,54,70,70' corner='2,2,2,2' mask='#FFFF00FF'&quot; bknormalimage=&quot;file='scrollbar.png' source='0,72,16,88' corner='2,2,2,2' mask='#FFFF00FF'&quot; bkhotimage=&quot;file='scrollbar.png' source='18,72,34,88' corner='2,2,2,2' mask='#FFFF00FF'&quot; bkpushedimage=&quot;file='scrollbar.png' source='36,72,52,88' corner='2,2,2,2' mask='#FFFF00FF'&quot; bkdisabledimage=&quot;file='scrollbar.png' source='54,72,70,88' corner='2,2,2,2' mask='#FFFF00FF'&quot; " />

    <VerticalLayout name="vlayMain" bkcolor="#FFF8F8F8" bordersize="1" bordercolor="#FFABABAB">
	
		<HorizontalLayout name="header" height="31">
			<HorizontalLayout>
			    <Control width="5"/>
				<Control width="22" height="22"  visible="false" bkimage="file='title.png' source='0,0,22,22' dest='5,5,27,27'"/>
				<Label name="lblCaption" text="例子" pos="10, 5, 200, 24" float="true"  textcolor="#FF000000"/>
			</HorizontalLayout>
			<Button name="btnMin"  padding="0,1,0,0" height="30" width="28" normalimage="min.png" hotimage="minhot.png" pushedimage="minpushed.png"/>
			<Button name="btnMax"  padding="0,1,0,0" height="30" width="28" normalimage="resotre.png" hotimage="resotrehot.png" pushedimage="resotrepushed.png"/>
			<Button name="btnClose" padding="0,1,1,0" height="30" width="28" normalimage="close.png" hotimage="closehot.png" pushedimage="closepushed.png"/>
		</HorizontalLayout>
		
		<Control height="10"/>
		<Control name="ctlline" bkcolor="#FFEEEEEE" height="1"/>
		<Control height="10"/>
		
		<HorizontalLayout height="20">
			<Control width="10"/>
			<Text name="lblOrig" text="文件列表" font="1"/>
			<Control width="20"/>
		</HorizontalLayout>
		<Control height="5"/>
		
		<HorizontalLayout >
			<Control width="10"/>
			<TreeView name="treeLeft"  bkcolor="#FFFFFFFF" visiblefolderbtn="true" visiblecheckbtn="true" hscrollbar="false" vscrollbar="true">
			</TreeView>
			<Control width="10"/>
		</HorizontalLayout>
		
		<Control height="18"/>
		<HorizontalLayout height="30">
			<Control />
			<HorizontalLayout width="200" childpadding="16">
				<Button name="btnNewDir"  text="新建文件夹" align="center"/>
				<Button name="btnCancel"  text="取消" align="center"/>
				<Control width="4"/>
			</HorizontalLayout>
		</HorizontalLayout>
		
		<HorizontalLayout height="20"/>

    </VerticalLayout>
</Window>
